year_2024,year_2025,year_2026,year_2027,year_2028,year_2029,year_2030,year_2031,year_2032,year_2033,year_2034,year_2035,year_2036,year_2037,year_2038,year_2039,year_2040,year_2041,year_2042,year_2043,year_2044,year_2045,year_2046,year_2047,year_2048,year_2049,year_2050
185000000.0,185000000.0,185000000.0,185000000.0,185000000.0,185000000.0,185000000.0,185000000.0,185000000.0,185000000.0,185000000.0,185000000.0,185000000.0,185000000.0,185000000.0,185000000.0,185000000.0,185000000.0,185000000.0,185000000.0,185000000.0,185000000.0,169812420.93248588,127359315.69936444,84906210.46624288,42453105.23312144,10000.0
185000000.0,185000000.0,185000000.0,185000000.0,185000000.0,185000000.0,185000000.0,185000000.0,185000000.0,185000000.0,185000000.0,185000000.0,185000000.0,185000000.0,185000000.0,185000000.0,185000000.0,185000000.0,185000000.0,185000000.0,185000000.0,185000000.0,154843737.31905463,116132802.989291,77421868.65952726,38710934.32976363,10000.0
185000000.0,185000000.0,185000000.0,185000000.0,185000000.0,185000000.0,185000000.0,185000000.0,185000000.0,185000000.0,185000000.0,185000000.0,185000000.0,185000000.0,185000000.0,185000000.0,185000000.0,185000000.0,185000000.0,185000000.0,185000000.0,180007710.68204266,144006168.54563415,108004626.40922564,72003084.27281702,36001542.13640851,10000.0
185000000.0,185000000.0,185000000.0,185000000.0,185000000.0,185000000.0,185000000.0,185000000.0,185000000.0,185000000.0,185000000.0,185000000.0,185000000.0,185000000.0,185000000.0,185000000.0,185000000.0,185000000.0,185000000.0,185000000.0,185000000.0,185000000.0,170022198.3088002,127516648.7316002,85011099.15440004,42505549.57720002,10000.0
185000000.0,185000000.0,185000000.0,185000000.0,185000000.0,185000000.0,185000000.0,185000000.0,185000000.0,185000000.0,185000000.0,185000000.0,185000000.0,185000000.0,185000000.0,185000000.0,185000000.0,185000000.0,185000000.0,185000000.0,185000000.0,185000000.0,177890678.8789192,133418009.15918945,88945339.43945953,44472669.719729766,10000.0
185000000.0,185000000.0,185000000.0,185000000.0,185000000.0,185000000.0,185000000.0,185000000.0,185000000.0,185000000.0,185000000.0,185000000.0,185000000.0,185000000.0,185000000.0,185000000.0,185000000.0,185000000.0,185000000.0,185000000.0,185000000.0,185000000.0,157995718.87992585,118496789.1599444,78997859.43996286,39498929.71998143,10000.0
185000000.0,185000000.0,185000000.0,185000000.0,185000000.0,185000000.0,185000000.0,185000000.0,185000000.0,185000000.0,185000000.0,185000000.0,185000000.0,185000000.0,185000000.0,185000000.0,185000000.0,185000000.0,185000000.0,185000000.0,185000000.0,185000000.0,185000000.0,151602916.4400868,101068610.96005778,50534305.48002889,10000.0
185000000.0,185000000.0,185000000.0,185000000.0,185000000.0,185000000.0,185000000.0,185000000.0,185000000.0,185000000.0,185000000.0,185000000.0,185000000.0,185000000.0,185000000.0,185000000.0,185000000.0,185000000.0,185000000.0,185000000.0,185000000.0,185000000.0,166225349.3623695,124669012.02177715,83112674.6811847,41556337.34059235,10000.0
185000000.0,185000000.0,185000000.0,185000000.0,185000000.0,185000000.0,185000000.0,185000000.0,185000000.0,185000000.0,185000000.0,185000000.0,185000000.0,185000000.0,185000000.0,185000000.0,185000000.0,185000000.0,185000000.0,185000000.0,185000000.0,185000000.0,168357105.5063674,126267829.12977558,84178552.75318363,42089276.37659182,10000.0
185000000.0,185000000.0,185000000.0,185000000.0,185000000.0,185000000.0,185000000.0,185000000.0,185000000.0,185000000.0,185000000.0,185000000.0,185000000.0,185000000.0,185000000.0,185000000.0,185000000.0,185000000.0,185000000.0,185000000.0,185000000.0,185000000.0,176004584.40093756,132003438.30070321,88002292.20046872,44001146.10023436,10000.0
185000000.0,185000000.0,185000000.0,185000000.0,185000000.0,185000000.0,185000000.0,185000000.0,185000000.0,185000000.0,185000000.0,185000000.0,185000000.0,185000000.0,185000000.0,185000000.0,185000000.0,185000000.0,185000000.0,185000000.0,185000000.0,185000000.0,160179479.58838934,120134609.69129205,80089739.79419461,40044869.897097304,10000.0
185000000.0,185000000.0,185000000.0,185000000.0,185000000.0,185000000.0,185000000.0,185000000.0,185000000.0,185000000.0,185000000.0,185000000.0,185000000.0,185000000.0,185000000.0,185000000.0,185000000.0,185000000.0,185000000.0,185000000.0,185000000.0,185000000.0,161740371.15679744,121305278.3675981,80870185.57839866,40435092.78919933,10000.0
185000000.0,185000000.0,185000000.0,185000000.0,185000000.0,185000000.0,185000000.0,185000000.0,185000000.0,185000000.0,185000000.0,185000000.0,185000000.0,185000000.0,185000000.0,185000000.0,185000000.0,185000000.0,185000000.0,185000000.0,185000000.0,185000000.0,152452873.18924838,114339654.8919363,76226436.59462413,38113218.297312066,10000.0
185000000.0,184268269.30904862,183539432.83325443,182813479.12512526,182090396.78244713,181370174.44810537,180652800.809906,179938264.60039824,179226554.59669748,178517659.62030897,177811568.53695226,177108270.25638637,176407753.7322355,175710007.96181566,175015021.98596177,174322784.88885552,173633285.79785395,172946513.88331872,172262458.35844588,171581108.47909665,170902453.54362848,170226482.89272705,169553185.90923885,168882552.01800442,168214570.68569216,167549231.42063308,166886523.77265584
185000000.0,185000000.0,185000000.0,185000000.0,185000000.0,185000000.0,185000000.0,185000000.0,185000000.0,185000000.0,185000000.0,185000000.0,185000000.0,185000000.0,185000000.0,185000000.0,185000000.0,185000000.0,185000000.0,185000000.0,185000000.0,180492688.99112782,144394151.19290227,108295613.39467673,72197075.59645109,36098537.798225544,10000.0
185000000.0,185000000.0,185000000.0,185000000.0,185000000.0,185000000.0,185000000.0,185000000.0,185000000.0,185000000.0,185000000.0,185000000.0,185000000.0,185000000.0,185000000.0,185000000.0,185000000.0,185000000.0,185000000.0,185000000.0,185000000.0,185000000.0,173548011.8108698,130161008.8581524,86774005.90543485,43387002.95271742,10000.0
185000000.0,185000000.0,185000000.0,185000000.0,185000000.0,185000000.0,185000000.0,185000000.0,185000000.0,185000000.0,185000000.0,185000000.0,185000000.0,185000000.0,185000000.0,185000000.0,185000000.0,185000000.0,185000000.0,185000000.0,185000000.0,185000000.0,155369039.13606185,116526779.35204642,77684519.56803086,38842259.78401543,10000.0
185000000.0,185000000.0,185000000.0,185000000.0,185000000.0,185000000.0,185000000.0,185000000.0,185000000.0,185000000.0,185000000.0,185000000.0,185000000.0,185000000.0,185000000.0,185000000.0,185000000.0,185000000.0,185000000.0,185000000.0,185000000.0,185000000.0,156749506.0218109,117562129.5163582,78374753.01090539,39187376.50545269,10000.0
185000000.0,185000000.0,185000000.0,185000000.0,185000000.0,185000000.0,185000000.0,185000000.0,185000000.0,185000000.0,185000000.0,185000000.0,185000000.0,185000000.0,185000000.0,185000000.0,185000000.0,185000000.0,185000000.0,185000000.0,185000000.0,185000000.0,159369021.25769725,119526765.94327296,79684510.62884857,39842255.314424284,10000.0
185000000.0,185000000.0,185000000.0,185000000.0,185000000.0,185000000.0,185000000.0,185000000.0,185000000.0,185000000.0,185000000.0,185000000.0,185000000.0,185000000.0,185000000.0,185000000.0,185000000.0,185000000.0,185000000.0,185000000.0,185000000.0,185000000.0,166937769.07870987,125203326.80903243,83468884.53935486,41734442.26967743,10000.0
185000000.0,185000000.0,185000000.0,185000000.0,185000000.0,185000000.0,185000000.0,185000000.0,185000000.0,185000000.0,185000000.0,185000000.0,185000000.0,185000000.0,185000000.0,185000000.0,185000000.0,185000000.0,185000000.0,185000000.0,185000000.0,185000000.0,172052687.11678421,129039515.33758819,86026343.55839205,43013171.779196024,10000.0
185000000.0,185000000.0,185000000.0,185000000.0,185000000.0,185000000.0,185000000.0,185000000.0,185000000.0,185000000.0,185000000.0,185000000.0,185000000.0,185000000.0,185000000.0,185000000.0,185000000.0,185000000.0,185000000.0,185000000.0,185000000.0,185000000.0,177284919.14266562,132963689.35699925,88642459.57133275,44321229.78566638,10000.0
185000000.0,185000000.0,185000000.0,185000000.0,185000000.0,185000000.0,185000000.0,185000000.0,185000000.0,185000000.0,185000000.0,185000000.0,185000000.0,185000000.0,185000000.0,185000000.0,185000000.0,185000000.0,185000000.0,185000000.0,185000000.0,185000000.0,162804306.8436458,122103230.13273439,81402153.42182285,40701076.71091142,10000.0
185000000.0,184998150.00924996,184996300.03699976,184994450.08324918,184992600.14799803,184990750.23124614,184988900.33299333,184987050.4532394,184985200.5919842,184983350.74922752,184981500.92496917,184979651.11920896,184977801.33194673,184975951.56318226,184974101.8129154,184972252.08114594,184970402.3678737,184968552.6730985,184966702.99682018,184964853.33903852,184963003.69975334,184961154.07896447,184959304.4766717,184957454.89287487,184955605.32757378,184953755.78076828,184951906.25245813
185000000.0,185000000.0,185000000.0,185000000.0,185000000.0,185000000.0,185000000.0,185000000.0,185000000.0,185000000.0,185000000.0,185000000.0,185000000.0,185000000.0,185000000.0,185000000.0,185000000.0,185000000.0,185000000.0,185000000.0,185000000.0,185000000.0,185000000.0,139914738.31674144,93276492.21116085,46638246.10558043,10000.0
185000000.0,185000000.0,185000000.0,185000000.0,185000000.0,185000000.0,185000000.0,185000000.0,185000000.0,185000000.0,185000000.0,185000000.0,185000000.0,185000000.0,185000000.0,185000000.0,185000000.0,185000000.0,185000000.0,185000000.0,185000000.0,185000000.0,171078394.30510718,128308795.7288304,85539197.15255353,42769598.576276764,10000.0
185000000.0,185000000.0,185000000.0,185000000.0,185000000.0,185000000.0,185000000.0,185000000.0,185000000.0,185000000.0,185000000.0,185000000.0,185000000.0,185000000.0,185000000.0,185000000.0,185000000.0,185000000.0,185000000.0,185000000.0,185000000.0,185000000.0,153376996.44206554,115032747.33154918,76688498.22103271,38344249.110516354,10000.0
185000000.0,185000000.0,185000000.0,185000000.0,185000000.0,185000000.0,185000000.0,185000000.0,185000000.0,185000000.0,185000000.0,185000000.0,185000000.0,185000000.0,185000000.0,185000000.0,185000000.0,185000000.0,185000000.0,185000000.0,185000000.0,185000000.0,153015291.35967958,114761468.51975971,76507645.67983975,38253822.83991987,10000.0
185000000.0,185000000.0,185000000.0,185000000.0,185000000.0,185000000.0,185000000.0,185000000.0,185000000.0,185000000.0,185000000.0,185000000.0,185000000.0,185000000.0,185000000.0,185000000.0,185000000.0,185000000.0,185000000.0,185000000.0,185000000.0,185000000.0,172263180.07398346,129197385.05548763,86131590.03699167,43065795.018495835,10000.0
185000000.0,185000000.0,185000000.0,185000000.0,185000000.0,185000000.0,185000000.0,185000000.0,185000000.0,185000000.0,185000000.0,185000000.0,185000000.0,185000000.0,185000000.0,185000000.0,185000000.0,185000000.0,185000000.0,185000000.0,185000000.0,185000000.0,154678899.60820016,116009174.70615017,77339449.80410004,38669724.90205002,10000.0
185000000.0,185000000.0,185000000.0,185000000.0,185000000.0,185000000.0,185000000.0,185000000.0,185000000.0,185000000.0,185000000.0,185000000.0,185000000.0,185000000.0,185000000.0,185000000.0,185000000.0,185000000.0,185000000.0,185000000.0,185000000.0,185000000.0,161616087.42667395,121212065.57000548,80808043.71333691,40404021.85666846,10000.0
185000000.0,185000000.0,185000000.0,185000000.0,185000000.0,185000000.0,185000000.0,185000000.0,185000000.0,185000000.0,185000000.0,185000000.0,185000000.0,185000000.0,185000000.0,185000000.0,185000000.0,185000000.0,185000000.0,185000000.0,185000000.0,185000000.0,163968179.91139373,122976134.93354532,81984089.9556968,40992044.9778484,10000.0
185000000.0,185000000.0,185000000.0,185000000.0,185000000.0,185000000.0,185000000.0,185000000.0,185000000.0,185000000.0,185000000.0,185000000.0,185000000.0,185000000.0,185000000.0,185000000.0,185000000.0,185000000.0,185000000.0,185000000.0,185000000.0,185000000.0,160457724.04580086,120343293.03435066,80228862.02290036,40114431.01145018,10000.0
185000000.0,185000000.0,185000000.0,185000000.0,185000000.0,185000000.0,185000000.0,185000000.0,185000000.0,185000000.0,185000000.0,185000000.0,185000000.0,185000000.0,185000000.0,185000000.0,185000000.0,185000000.0,185000000.0,185000000.0,185000000.0,185000000.0,167925585.65617305,125944189.24212983,83962792.82808647,41981396.41404323,10000.0
185000000.0,185000000.0,185000000.0,185000000.0,185000000.0,185000000.0,185000000.0,185000000.0,185000000.0,185000000.0,185000000.0,185000000.0,185000000.0,185000000.0,185000000.0,185000000.0,185000000.0,185000000.0,185000000.0,185000000.0,185000000.0,185000000.0,169957910.46787444,127468432.85090587,84978955.23393716,42489477.61696858,10000.0
185000000.0,184998150.00924996,184996300.03699976,184994450.08324918,184992600.14799803,184990750.23124614,184988900.33299333,184987050.4532394,184985200.5919842,184983350.74922752,184981500.92496917,184979651.11920896,184977801.33194673,184975951.56318226,184974101.8129154,184972252.08114594,184970402.3678737,184968552.6730985,184966702.99682018,184964853.33903852,184963003.69975334,184961154.07896447,184959304.4766717,184957454.89287487,184955605.32757378,184953755.78076828,184951906.25245813
185000000.0,185000000.0,185000000.0,185000000.0,185000000.0,185000000.0,185000000.0,185000000.0,185000000.0,185000000.0,185000000.0,185000000.0,185000000.0,185000000.0,185000000.0,185000000.0,185000000.0,185000000.0,185000000.0,185000000.0,185000000.0,185000000.0,168654962.41559854,126491221.81169893,84327481.20779921,42163740.603899606,10000.0
185000000.0,185000000.0,185000000.0,185000000.0,185000000.0,185000000.0,185000000.0,185000000.0,185000000.0,185000000.0,185000000.0,185000000.0,185000000.0,185000000.0,185000000.0,185000000.0,185000000.0,185000000.0,185000000.0,185000000.0,185000000.0,185000000.0,173440405.25047073,130080303.93785308,86720202.6252353,43360101.31261765,10000.0
185000000.0,185000000.0,185000000.0,185000000.0,185000000.0,185000000.0,185000000.0,185000000.0,185000000.0,185000000.0,185000000.0,185000000.0,185000000.0,185000000.0,185000000.0,185000000.0,185000000.0,185000000.0,185000000.0,185000000.0,185000000.0,185000000.0,185000000.0,142858251.85951585,95238834.57301047,47619417.28650524,10000.0
185000000.0,185000000.0,185000000.0,185000000.0,185000000.0,185000000.0,185000000.0,185000000.0,185000000.0,185000000.0,185000000.0,185000000.0,185000000.0,185000000.0,185000000.0,185000000.0,185000000.0,185000000.0,185000000.0,185000000.0,185000000.0,185000000.0,165469538.06981024,124102153.55235772,82734769.03490506,41367384.51745253,10000.0
185000000.0,185000000.0,185000000.0,185000000.0,185000000.0,185000000.0,185000000.0,185000000.0,185000000.0,185000000.0,185000000.0,185000000.0,185000000.0,185000000.0,185000000.0,185000000.0,185000000.0,185000000.0,185000000.0,185000000.0,185000000.0,185000000.0,160003966.11961386,120002974.58971043,80001983.05980688,40000991.52990344,10000.0
185000000.0,184793175.55501264,184586582.3335445,184380220.0770945,184174088.52745077,183968187.42669,183762516.5171773,183557075.54156575,183351864.2427961,183146882.36409658,182942129.64898244,182737605.84125564,182533310.68500468,182329243.92460397,182125405.30471388,181921794.57028013,181718411.46653363,181515255.73899016,181312327.13344988,181109625.39599723,180907150.2730005,180704901.51111156,180502878.85726547,180301082.0586802,180099510.86285642,179898165.01757696,179697044.2709067
185000000.0,185000000.0,185000000.0,185000000.0,185000000.0,185000000.0,185000000.0,185000000.0,185000000.0,185000000.0,185000000.0,185000000.0,185000000.0,185000000.0,185000000.0,185000000.0,185000000.0,185000000.0,185000000.0,185000000.0,185000000.0,185000000.0,158167789.18389997,118625841.887925,79083894.59194992,39541947.29597496,10000.0
185000000.0,185000000.0,185000000.0,185000000.0,185000000.0,185000000.0,185000000.0,185000000.0,185000000.0,185000000.0,185000000.0,185000000.0,185000000.0,185000000.0,185000000.0,185000000.0,185000000.0,185000000.0,185000000.0,185000000.0,185000000.0,185000000.0,169964023.98656076,127473017.9899206,84982011.99328032,42491005.99664016,10000.0
185000000.0,185000000.0,185000000.0,185000000.0,185000000.0,185000000.0,185000000.0,185000000.0,185000000.0,185000000.0,185000000.0,185000000.0,185000000.0,185000000.0,185000000.0,185000000.0,185000000.0,185000000.0,185000000.0,185000000.0,185000000.0,185000000.0,185000000.0,149820971.8657654,99880647.91051017,49940323.955255084,10000.0
185000000.0,185000000.0,185000000.0,185000000.0,185000000.0,185000000.0,185000000.0,185000000.0,185000000.0,185000000.0,185000000.0,185000000.0,185000000.0,185000000.0,185000000.0,185000000.0,185000000.0,185000000.0,185000000.0,185000000.0,185000000.0,185000000.0,155822372.28864637,116866779.21648479,77911186.14432311,38955593.072161555,10000.0
185000000.0,185000000.0,185000000.0,185000000.0,185000000.0,185000000.0,185000000.0,185000000.0,185000000.0,185000000.0,185000000.0,185000000.0,185000000.0,185000000.0,185000000.0,185000000.0,185000000.0,185000000.0,185000000.0,185000000.0,185000000.0,185000000.0,153222456.39890325,114916842.29917747,76611228.19945157,38305614.09972578,10000.0
185000000.0,185000000.0,185000000.0,185000000.0,185000000.0,185000000.0,185000000.0,185000000.0,185000000.0,185000000.0,185000000.0,185000000.0,185000000.0,185000000.0,185000000.0,185000000.0,185000000.0,185000000.0,185000000.0,185000000.0,185000000.0,185000000.0,178963589.38887167,134222692.0416538,89481794.69443578,44740897.34721789,10000.0
185000000.0,185000000.0,185000000.0,185000000.0,185000000.0,185000000.0,185000000.0,185000000.0,185000000.0,185000000.0,185000000.0,185000000.0,185000000.0,185000000.0,185000000.0,185000000.0,185000000.0,185000000.0,185000000.0,185000000.0,185000000.0,185000000.0,155136981.4058483,116352736.05438623,77568490.70292409,38784245.351462044,10000.0
185000000.0,185000000.0,185000000.0,185000000.0,185000000.0,185000000.0,185000000.0,185000000.0,185000000.0,185000000.0,185000000.0,185000000.0,185000000.0,185000000.0,185000000.0,185000000.0,185000000.0,185000000.0,185000000.0,185000000.0,185000000.0,185000000.0,161831733.97727534,121373800.48295651,80915866.98863761,40457933.494318806,10000.0
185000000.0,185000000.0,185000000.0,185000000.0,185000000.0,185000000.0,185000000.0,185000000.0,185000000.0,185000000.0,185000000.0,185000000.0,185000000.0,185000000.0,185000000.0,185000000.0,185000000.0,185000000.0,185000000.0,185000000.0,185000000.0,179849675.81766686,143879740.6541335,107909805.49060015,71939870.3270667,35969935.16353335,10000.0
185000000.0,185000000.0,185000000.0,185000000.0,185000000.0,185000000.0,185000000.0,185000000.0,185000000.0,185000000.0,185000000.0,185000000.0,185000000.0,185000000.0,185000000.0,185000000.0,185000000.0,185000000.0,185000000.0,185000000.0,185000000.0,185000000.0,183915980.18401426,137936985.13801074,91957990.09200707,45978995.046003535,10000.0
185000000.0,185000000.0,185000000.0,185000000.0,185000000.0,185000000.0,185000000.0,185000000.0,185000000.0,185000000.0,185000000.0,185000000.0,185000000.0,185000000.0,185000000.0,185000000.0,185000000.0,185000000.0,185000000.0,185000000.0,185000000.0,185000000.0,172518017.6582579,129388513.24369346,86259008.82912889,43129504.414564446,10000.0
185000000.0,185000000.0,185000000.0,185000000.0,185000000.0,185000000.0,185000000.0,185000000.0,185000000.0,185000000.0,185000000.0,185000000.0,185000000.0,185000000.0,185000000.0,185000000.0,185000000.0,185000000.0,185000000.0,185000000.0,185000000.0,185000000.0,151309750.8330571,113482313.12479284,75654875.41652848,37827437.70826424,10000.0
185000000.0,185000000.0,185000000.0,185000000.0,185000000.0,185000000.0,185000000.0,185000000.0,185000000.0,185000000.0,185000000.0,185000000.0,185000000.0,185000000.0,185000000.0,185000000.0,185000000.0,185000000.0,185000000.0,185000000.0,185000000.0,185000000.0,150283039.9940117,112712279.9955088,75141519.99700579,37570759.998502895,10000.0
185000000.0,184831069.77912864,184662293.81457898,184493671.96549407,184325204.0911454,184156890.05093306,183988729.70438555,183820722.91115957,183652869.53104,183485169.4239398,183317622.44989973,183150228.46908852,182982987.34180242,182815898.92846537,182648963.0896287,182482179.68597108,182315548.57829842,182149069.62754372,181982742.69476697,181816567.64115503,181650544.32802156,181484672.61680675,181318952.36907738,181153383.4465267,180987965.7109742,180822699.02436545,180657583.24877223
185000000.0,185000000.0,185000000.0,185000000.0,185000000.0,185000000.0,185000000.0,185000000.0,185000000.0,185000000.0,185000000.0,185000000.0,185000000.0,185000000.0,185000000.0,185000000.0,185000000.0,185000000.0,185000000.0,185000000.0,185000000.0,185000000.0,150396443.59180695,112797332.69385523,75198221.79590341,37599110.89795171,10000.0
185000000.0,185000000.0,185000000.0,185000000.0,185000000.0,185000000.0,185000000.0,185000000.0,185000000.0,185000000.0,185000000.0,185000000.0,185000000.0,185000000.0,185000000.0,185000000.0,185000000.0,185000000.0,185000000.0,185000000.0,185000000.0,185000000.0,172150557.84219852,129112918.38164893,86075278.92109919,43037639.46054959,10000.0
185000000.0,185000000.0,185000000.0,185000000.0,185000000.0,185000000.0,185000000.0,185000000.0,185000000.0,185000000.0,185000000.0,185000000.0,185000000.0,185000000.0,185000000.0,185000000.0,185000000.0,185000000.0,185000000.0,185000000.0,185000000.0,185000000.0,164235257.5695449,123176443.17715871,82117628.7847724,41058814.3923862,10000.0
185000000.0,185000000.0,185000000.0,185000000.0,185000000.0,185000000.0,185000000.0,185000000.0,185000000.0,185000000.0,185000000.0,185000000.0,185000000.0,185000000.0,185000000.0,185000000.0,185000000.0,185000000.0,185000000.0,185000000.0,185000000.0,185000000.0,171036157.3805893,128277118.03544201,85518078.6902946,42759039.3451473,10000.0
185000000.0,185000000.0,185000000.0,185000000.0,185000000.0,185000000.0,185000000.0,185000000.0,185000000.0,185000000.0,185000000.0,185000000.0,185000000.0,185000000.0,185000000.0,185000000.0,185000000.0,185000000.0,185000000.0,185000000.0,185000000.0,185000000.0,155972056.74545553,116979042.55909169,77986028.3727277,38993014.18636385,10000.0
185000000.0,185000000.0,185000000.0,185000000.0,185000000.0,185000000.0,185000000.0,185000000.0,185000000.0,185000000.0,185000000.0,185000000.0,185000000.0,185000000.0,185000000.0,185000000.0,185000000.0,185000000.0,185000000.0,185000000.0,185000000.0,185000000.0,174765441.3195772,131074080.98968293,87382720.65978853,43691360.32989427,10000.0
185000000.0,185000000.0,185000000.0,185000000.0,185000000.0,185000000.0,185000000.0,185000000.0,185000000.0,185000000.0,185000000.0,185000000.0,185000000.0,185000000.0,185000000.0,185000000.0,185000000.0,185000000.0,185000000.0,185000000.0,185000000.0,185000000.0,171753596.24557063,128815197.184178,85876798.12278526,42938399.06139263,10000.0
185000000.0,185000000.0,185000000.0,185000000.0,185000000.0,185000000.0,185000000.0,185000000.0,185000000.0,185000000.0,185000000.0,185000000.0,185000000.0,185000000.0,185000000.0,185000000.0,185000000.0,185000000.0,185000000.0,185000000.0,185000000.0,185000000.0,153339627.2766014,115004720.45745108,76669813.63830064,38334906.81915032,10000.0
185000000.0,185000000.0,185000000.0,185000000.0,185000000.0,185000000.0,185000000.0,185000000.0,185000000.0,185000000.0,185000000.0,185000000.0,185000000.0,185000000.0,185000000.0,185000000.0,185000000.0,185000000.0,185000000.0,185000000.0,185000000.0,185000000.0,185000000.0,151557728.1501018,101038485.43340112,50519242.71670056,10000.0
185000000.0,185000000.0,185000000.0,185000000.0,185000000.0,185000000.0,185000000.0,185000000.0,185000000.0,185000000.0,185000000.0,185000000.0,185000000.0,185000000.0,185000000.0,185000000.0,185000000.0,185000000.0,185000000.0,185000000.0,185000000.0,185000000.0,148668435.2021658,111501326.40162438,74334217.60108285,37167108.80054142,10000.0
185000000.0,185000000.0,185000000.0,185000000.0,185000000.0,185000000.0,185000000.0,185000000.0,185000000.0,185000000.0,185000000.0,185000000.0,185000000.0,185000000.0,185000000.0,185000000.0,185000000.0,185000000.0,185000000.0,185000000.0,185000000.0,185000000.0,173544484.8259848,130158363.61948864,86772242.41299234,43386121.20649617,10000.0
185000000.0,185000000.0,185000000.0,185000000.0,185000000.0,185000000.0,185000000.0,185000000.0,185000000.0,185000000.0,185000000.0,185000000.0,185000000.0,185000000.0,185000000.0,185000000.0,185000000.0,185000000.0,185000000.0,185000000.0,185000000.0,185000000.0,157642383.87786737,118231787.90840055,78821191.93893363,39410595.96946681,10000.0
185000000.0,185000000.0,185000000.0,185000000.0,185000000.0,185000000.0,185000000.0,185000000.0,185000000.0,185000000.0,185000000.0,185000000.0,185000000.0,185000000.0,185000000.0,185000000.0,185000000.0,185000000.0,185000000.0,185000000.0,185000000.0,185000000.0,151002827.72645882,113252120.79484414,75501413.86322935,37750706.931614675,10000.0
185000000.0,185000000.0,185000000.0,185000000.0,185000000.0,185000000.0,185000000.0,185000000.0,185000000.0,185000000.0,185000000.0,185000000.0,185000000.0,185000000.0,185000000.0,185000000.0,185000000.0,185000000.0,185000000.0,185000000.0,185000000.0,185000000.0,169920398.0669168,127440298.55018763,84960199.03345834,42480099.51672917,10000.0
185000000.0,185000000.0,185000000.0,185000000.0,185000000.0,185000000.0,185000000.0,185000000.0,185000000.0,185000000.0,185000000.0,185000000.0,185000000.0,185000000.0,185000000.0,185000000.0,185000000.0,185000000.0,185000000.0,185000000.0,185000000.0,185000000.0,156027735.86660582,117020801.89995438,78013867.93330285,39006933.966651425,10000.0
185000000.0,185000000.0,185000000.0,185000000.0,185000000.0,185000000.0,185000000.0,185000000.0,185000000.0,185000000.0,185000000.0,185000000.0,185000000.0,185000000.0,185000000.0,185000000.0,185000000.0,185000000.0,185000000.0,185000000.0,185000000.0,185000000.0,168860497.83981848,126645373.3798639,84430248.91990918,42215124.45995459,10000.0
185000000.0,185000000.0,185000000.0,185000000.0,185000000.0,185000000.0,185000000.0,185000000.0,185000000.0,185000000.0,185000000.0,185000000.0,185000000.0,185000000.0,185000000.0,185000000.0,185000000.0,185000000.0,185000000.0,185000000.0,185000000.0,185000000.0,169115755.9230755,126836816.94230665,84557877.96153769,42278938.980768844,10000.0
185000000.0,185000000.0,185000000.0,185000000.0,185000000.0,185000000.0,185000000.0,185000000.0,185000000.0,185000000.0,185000000.0,185000000.0,185000000.0,185000000.0,185000000.0,185000000.0,185000000.0,185000000.0,185000000.0,185000000.0,185000000.0,185000000.0,169344901.60323432,127008676.20242578,84672450.8016171,42336225.40080855,10000.0
185000000.0,185000000.0,185000000.0,185000000.0,185000000.0,185000000.0,185000000.0,185000000.0,185000000.0,185000000.0,185000000.0,185000000.0,185000000.0,185000000.0,185000000.0,185000000.0,185000000.0,185000000.0,185000000.0,185000000.0,185000000.0,185000000.0,154002015.40153074,115501511.55114807,77001007.70076531,38500503.850382656,10000.0
185000000.0,185000000.0,185000000.0,185000000.0,185000000.0,185000000.0,185000000.0,185000000.0,185000000.0,185000000.0,185000000.0,185000000.0,185000000.0,185000000.0,185000000.0,185000000.0,185000000.0,185000000.0,185000000.0,185000000.0,185000000.0,185000000.0,149886003.5555702,112414502.66667767,74943001.77778505,37471500.888892524,10000.0
185000000.0,185000000.0,185000000.0,185000000.0,185000000.0,185000000.0,185000000.0,185000000.0,185000000.0,185000000.0,185000000.0,185000000.0,185000000.0,185000000.0,185000000.0,185000000.0,185000000.0,185000000.0,185000000.0,185000000.0,185000000.0,178105200.03741148,142484160.02992922,106863120.02244693,71242080.01496455,35621040.007482275,10000.0
185000000.0,185000000.0,185000000.0,185000000.0,185000000.0,185000000.0,185000000.0,185000000.0,185000000.0,185000000.0,185000000.0,185000000.0,185000000.0,185000000.0,185000000.0,185000000.0,185000000.0,185000000.0,185000000.0,185000000.0,185000000.0,185000000.0,153521358.0446975,115141018.53352317,76760679.0223487,38380339.51117435,10000.0
185000000.0,185000000.0,185000000.0,185000000.0,185000000.0,185000000.0,185000000.0,185000000.0,185000000.0,185000000.0,185000000.0,185000000.0,185000000.0,185000000.0,185000000.0,185000000.0,185000000.0,185000000.0,185000000.0,185000000.0,185000000.0,185000000.0,156115950.28023264,117086962.7101745,78057975.14011626,39028987.57005813,10000.0
185000000.0,185000000.0,185000000.0,185000000.0,185000000.0,185000000.0,185000000.0,185000000.0,185000000.0,185000000.0,185000000.0,185000000.0,185000000.0,185000000.0,185000000.0,185000000.0,185000000.0,185000000.0,185000000.0,185000000.0,185000000.0,185000000.0,171740477.94844767,128805358.46133581,85870238.97422378,42935119.48711189,10000.0
185000000.0,185000000.0,185000000.0,185000000.0,185000000.0,185000000.0,185000000.0,185000000.0,185000000.0,185000000.0,185000000.0,185000000.0,185000000.0,185000000.0,185000000.0,185000000.0,185000000.0,185000000.0,185000000.0,185000000.0,185000000.0,183644736.05247018,146915788.84197617,110186841.63148215,73457894.42098804,36728947.21049402,10000.0
185000000.0,185000000.0,185000000.0,185000000.0,185000000.0,185000000.0,185000000.0,185000000.0,185000000.0,185000000.0,185000000.0,185000000.0,185000000.0,185000000.0,185000000.0,185000000.0,185000000.0,185000000.0,185000000.0,185000000.0,185000000.0,181808971.3645661,145447177.09165287,109085382.8187397,72723588.54582639,36361794.272913195,10000.0
185000000.0,185000000.0,185000000.0,185000000.0,185000000.0,185000000.0,185000000.0,185000000.0,185000000.0,185000000.0,185000000.0,185000000.0,185000000.0,185000000.0,185000000.0,185000000.0,185000000.0,185000000.0,185000000.0,185000000.0,185000000.0,185000000.0,163748913.64875033,122811685.23656279,81874456.82437512,40937228.41218756,10000.0
185000000.0,185000000.0,185000000.0,185000000.0,185000000.0,185000000.0,185000000.0,185000000.0,185000000.0,185000000.0,185000000.0,185000000.0,185000000.0,185000000.0,185000000.0,185000000.0,185000000.0,185000000.0,185000000.0,185000000.0,185000000.0,185000000.0,164737614.8117922,123553211.10884419,82368807.40589604,41184403.70294802,10000.0
185000000.0,185000000.0,185000000.0,185000000.0,185000000.0,185000000.0,185000000.0,185000000.0,185000000.0,185000000.0,185000000.0,185000000.0,185000000.0,185000000.0,185000000.0,185000000.0,185000000.0,185000000.0,185000000.0,185000000.0,185000000.0,185000000.0,185000000.0,142056566.2414374,94704377.4942915,47352188.74714575,10000.0
185000000.0,185000000.0,185000000.0,185000000.0,185000000.0,185000000.0,185000000.0,185000000.0,185000000.0,185000000.0,185000000.0,185000000.0,185000000.0,185000000.0,185000000.0,185000000.0,185000000.0,185000000.0,185000000.0,185000000.0,185000000.0,185000000.0,181810253.9807314,136357690.4855486,90905126.99036564,45452563.49518282,10000.0
185000000.0,185000000.0,185000000.0,185000000.0,185000000.0,185000000.0,185000000.0,185000000.0,185000000.0,185000000.0,185000000.0,185000000.0,185000000.0,185000000.0,185000000.0,185000000.0,185000000.0,185000000.0,185000000.0,185000000.0,185000000.0,185000000.0,152823830.48391205,114617872.86293405,76411915.24195597,38205957.62097798,10000.0
185000000.0,185000000.0,185000000.0,185000000.0,185000000.0,185000000.0,185000000.0,185000000.0,185000000.0,185000000.0,185000000.0,185000000.0,185000000.0,185000000.0,185000000.0,185000000.0,185000000.0,185000000.0,185000000.0,185000000.0,185000000.0,185000000.0,161439763.78222162,121079822.83666621,80719881.89111073,40359940.94555537,10000.0
185000000.0,185000000.0,185000000.0,185000000.0,185000000.0,185000000.0,185000000.0,185000000.0,185000000.0,185000000.0,185000000.0,185000000.0,185000000.0,185000000.0,185000000.0,185000000.0,185000000.0,185000000.0,185000000.0,185000000.0,185000000.0,185000000.0,157063240.57325366,117797430.42994028,78531620.28662677,39265810.143313386,10000.0
185000000.0,185000000.0,185000000.0,185000000.0,185000000.0,185000000.0,185000000.0,185000000.0,185000000.0,185000000.0,185000000.0,185000000.0,185000000.0,185000000.0,185000000.0,185000000.0,185000000.0,185000000.0,185000000.0,185000000.0,185000000.0,185000000.0,166853701.13158756,125140275.84869069,83426850.56579372,41713425.28289686,10000.0
185000000.0,185000000.0,185000000.0,185000000.0,185000000.0,185000000.0,185000000.0,185000000.0,185000000.0,185000000.0,185000000.0,185000000.0,185000000.0,185000000.0,185000000.0,185000000.0,185000000.0,185000000.0,185000000.0,185000000.0,185000000.0,185000000.0,170951539.33983868,128213654.50487904,85475769.66991928,42737884.83495964,10000.0
185000000.0,185000000.0,185000000.0,185000000.0,185000000.0,185000000.0,185000000.0,185000000.0,185000000.0,185000000.0,185000000.0,185000000.0,185000000.0,185000000.0,185000000.0,185000000.0,185000000.0,185000000.0,185000000.0,185000000.0,185000000.0,185000000.0,185000000.0,151096343.39250913,100730895.59500599,50365447.797502995,10000.0
185000000.0,185000000.0,185000000.0,185000000.0,185000000.0,185000000.0,185000000.0,185000000.0,185000000.0,185000000.0,185000000.0,185000000.0,185000000.0,185000000.0,185000000.0,185000000.0,185000000.0,185000000.0,185000000.0,185000000.0,185000000.0,185000000.0,163997620.45153385,122998215.33865042,81998810.22576687,40999405.11288343,10000.0
185000000.0,185000000.0,185000000.0,185000000.0,185000000.0,185000000.0,185000000.0,185000000.0,185000000.0,185000000.0,185000000.0,185000000.0,185000000.0,185000000.0,185000000.0,185000000.0,185000000.0,185000000.0,185000000.0,185000000.0,185000000.0,185000000.0,176201584.55776164,132151188.41832125,88100792.27888076,44050396.13944038,10000.0
185000000.0,185000000.0,185000000.0,185000000.0,185000000.0,185000000.0,185000000.0,185000000.0,185000000.0,185000000.0,185000000.0,185000000.0,185000000.0,185000000.0,185000000.0,185000000.0,185000000.0,185000000.0,185000000.0,185000000.0,185000000.0,185000000.0,162174098.80094683,121630574.10071012,81087049.40047334,40543524.70023667,10000.0
185000000.0,185000000.0,185000000.0,185000000.0,185000000.0,185000000.0,185000000.0,185000000.0,185000000.0,185000000.0,185000000.0,185000000.0,185000000.0,185000000.0,185000000.0,185000000.0,185000000.0,185000000.0,185000000.0,185000000.0,185000000.0,185000000.0,165271837.2660908,123953877.94956812,82635918.63304533,41317959.316522665,10000.0
185000000.0,185000000.0,185000000.0,185000000.0,185000000.0,185000000.0,185000000.0,185000000.0,185000000.0,185000000.0,185000000.0,185000000.0,185000000.0,185000000.0,185000000.0,185000000.0,185000000.0,185000000.0,185000000.0,185000000.0,185000000.0,185000000.0,158410139.71934098,118807604.78950576,79205069.85967045,39602534.92983522,10000.0
185000000.0,185000000.0,185000000.0,185000000.0,185000000.0,185000000.0,185000000.0,185000000.0,185000000.0,185000000.0,185000000.0,185000000.0,185000000.0,185000000.0,185000000.0,185000000.0,185000000.0,185000000.0,185000000.0,185000000.0,185000000.0,185000000.0,165042133.83665076,123781600.37748812,82521066.91832532,41260533.45916266,10000.0
185000000.0,184998150.00924996,184996300.03699976,184994450.08324918,184992600.14799803,184990750.23124614,184988900.33299333,184987050.4532394,184985200.5919842,184983350.74922752,184981500.92496917,184979651.11920896,184977801.33194673,184975951.56318226,184974101.8129154,184972252.08114594,184970402.3678737,184968552.6730985,184966702.99682018,184964853.33903852,184963003.69975334,184961154.07896447,184959304.4766717,184957454.89287487,184955605.32757378,184953755.78076828,184951906.25245813
185000000.0,185000000.0,185000000.0,185000000.0,185000000.0,185000000.0,185000000.0,185000000.0,185000000.0,185000000.0,185000000.0,185000000.0,185000000.0,185000000.0,185000000.0,185000000.0,185000000.0,185000000.0,185000000.0,185000000.0,185000000.0,180616307.3794294,144493045.90354356,108369784.42765768,72246522.9517717,36123261.47588585,10000.0
